-- --------------------------------------------------------
-- 主機:                           showhi.club
-- 服務器版本:                        5.1.73 - Source distribution
-- 服務器操作系統:                      redhat-linux-gnu
-- HeidiSQL 版本:                  9.4.0.5125
-- --------------------------------------------------------

/*!40101 SET @OLD_CHARACTER_SET_CLIENT=@@CHARACTER_SET_CLIENT */;
/*!40101 SET NAMES utf8 */;
/*!40014 SET @OLD_FOREIGN_KEY_CHECKS=@@FOREIGN_KEY_CHECKS, FOREIGN_KEY_CHECKS=0 */;
/*!40101 SET @OLD_SQL_MODE=@@SQL_MODE, SQL_MODE='NO_AUTO_VALUE_ON_ZERO' */;

-- 導出  表 showhi.plf_messages 結構
DROP TABLE IF EXISTS `plf_messages`;
CREATE TABLE IF NOT EXISTS `plf_messages` (
  `id` varchar(50) NOT NULL,
  `groups_id` varchar(50) DEFAULT NULL,
  `message` longtext,
  `files_id` varchar(50) DEFAULT NULL,
  `created_by` varchar(50) DEFAULT NULL,
  `updated_by` varchar(50) DEFAULT NULL,
  `created_at` timestamp NULL DEFAULT NULL,
  `updated_at` timestamp NULL DEFAULT NULL,
  PRIMARY KEY (`id`)
) ENGINE=MyISAM DEFAULT CHARSET=utf8 COMMENT='訊息內容';

-- 正在導出表  showhi.plf_messages 的資料：115 rows
/*!40000 ALTER TABLE `plf_messages` DISABLE KEYS */;
REPLACE INTO `plf_messages` (`id`, `groups_id`, `message`, `files_id`, `created_by`, `updated_by`, `created_at`, `updated_at`) VALUES
	('1', '1', 'test', NULL, '0cd8a0b0-3225-11e7-bfc8-74d435c7f214', '0cd8a0b0-3225-11e7-bfc8-74d435c7f214', '2017-05-01 18:13:28', '2017-05-01 18:13:28'),
	('2', '1', '123456', NULL, '0cd8a0b0-3225-11e7-bfc8-74d435c7f214', '0cd8a0b0-3225-11e7-bfc8-74d435c7f214', '2017-05-01 19:29:26', '2017-05-01 19:29:26'),
	('3', '1', 'john test', NULL, '0cd8a0b0-3225-11e7-bfc8-74d435c7f214', '0cd8a0b0-3225-11e7-bfc8-74d435c7f214', '2017-05-01 19:41:18', '2017-05-01 19:41:18'),
	('4', '1', 'johntest 2', NULL, '0cd8a0b0-3225-11e7-bfc8-74d435c7f214', '0cd8a0b0-3225-11e7-bfc8-74d435c7f214', '2017-05-01 19:43:03', '2017-05-01 19:43:03'),
	('5', '1', 'sorry teacher', NULL, '33e341aa-3225-11e7-bfc8-74d435c7f214', '33e341aa-3225-11e7-bfc8-74d435c7f214', '2017-05-01 20:12:26', '2017-05-01 20:12:26'),
	('6', '1', '1234', NULL, '33e341aa-3225-11e7-bfc8-74d435c7f214', '33e341aa-3225-11e7-bfc8-74d435c7f214', '2017-05-01 20:12:53', '2017-05-01 20:12:53'),
	('7', '1', 'sorry teacher 12345', NULL, '33e341aa-3225-11e7-bfc8-74d435c7f214', '33e341aa-3225-11e7-bfc8-74d435c7f214', '2017-05-01 20:33:18', '2017-05-01 20:33:18'),
	('8', '1', 'ewqewqrw', NULL, '33e341aa-3225-11e7-bfc8-74d435c7f214', '33e341aa-3225-11e7-bfc8-74d435c7f214', '2017-05-02 09:48:38', '2017-05-02 09:48:38'),
	('9', '4', 'reason of cancellation:1234567', NULL, '33e341aa-3225-11e7-bfc8-74d435c7f214', '33e341aa-3225-11e7-bfc8-74d435c7f214', '2017-05-12 08:57:17', '2017-05-12 08:57:17'),
	('', '1', 'a', NULL, '0cd8a0b0-3225-11e7-bfc8-74d435c7f214', '0cd8a0b0-3225-11e7-bfc8-74d435c7f214', '2017-05-27 18:44:55', '2017-05-27 18:44:55'),
	('cc0b1b54-0998-ea3c-4e2e-50e6dbe3fbf9', NULL, 'test', NULL, '0cd8881c-3225-11e7-bfc8-74d435c7f214', '0cd8881c-3225-11e7-bfc8-74d435c7f214', '2017-05-30 12:17:40', '2017-05-30 12:17:40'),
	('dfde2de3-d224-a111-5b85-24131b9247f0', '1', 'test123', NULL, '0cd8a0b0-3225-11e7-bfc8-74d435c7f214', '0cd8a0b0-3225-11e7-bfc8-74d435c7f214', '2017-05-30 12:18:24', '2017-05-30 12:18:24'),
	('bc01e3c2-dc7d-dfbc-c71b-48eed76a835c', '7992b5e8-bca1-4dd0-8e0a-3e34da2c54ff', 'Test', NULL, '0cdbda97-3225-11e7-bfc8-74d435c7f214', '0cdbda97-3225-11e7-bfc8-74d435c7f214', '2017-05-31 09:34:18', '2017-05-31 09:34:18'),
	('816d4df0-c67d-2440-6c39-fa1d462e17cb', '7992b5e8-bca1-4dd0-8e0a-3e34da2c54ff', 'Test', NULL, '0cdbda97-3225-11e7-bfc8-74d435c7f214', '0cdbda97-3225-11e7-bfc8-74d435c7f214', '2017-05-31 09:34:24', '2017-05-31 09:34:24'),
	('7a0f71b3-1ef3-8c55-ee9f-0265b0e57bad', '7992b5e8-bca1-4dd0-8e0a-3e34da2c54ff', '送出的字跟畫面不一樣', NULL, '0cdbda97-3225-11e7-bfc8-74d435c7f214', '0cdbda97-3225-11e7-bfc8-74d435c7f214', '2017-05-31 09:34:45', '2017-05-31 09:34:45'),
	('1d3230f1-a62b-f407-5915-68a58fe86a3d', '2', 'harry hello', NULL, '33e341aa-3225-11e7-bfc8-74d435c7f214', '33e341aa-3225-11e7-bfc8-74d435c7f214', '2017-05-31 09:42:17', '2017-05-31 09:42:17'),
	('cc2af32c-2fff-c15b-9857-84352e2ffb39', NULL, 'eqweqweq', NULL, '33e341aa-3225-11e7-bfc8-74d435c7f214', '33e341aa-3225-11e7-bfc8-74d435c7f214', '2017-05-31 09:43:25', '2017-05-31 09:43:25'),
	('8334a4e9-e9be-b726-21d2-59a8248ed7e6', '2', '123456', NULL, '33e341aa-3225-11e7-bfc8-74d435c7f214', '33e341aa-3225-11e7-bfc8-74d435c7f214', '2017-05-31 09:43:34', '2017-05-31 09:43:34'),
	('13076244-cb3b-6089-fcd2-0b43d881b9cd', '3', '有收到嗎?', NULL, '33e341aa-3225-11e7-bfc8-74d435c7f214', '33e341aa-3225-11e7-bfc8-74d435c7f214', '2017-05-31 09:45:00', '2017-05-31 09:45:00'),
	('99665333-8441-3deb-5cdc-2e801ae02651', '2', 'I am john ', NULL, '33e341aa-3225-11e7-bfc8-74d435c7f214', '33e341aa-3225-11e7-bfc8-74d435c7f214', '2017-05-31 09:47:17', '2017-05-31 09:47:17'),
	('c62343cb-656a-be17-753c-87d4436c8fa8', '3', 'QQQ', NULL, '33e341aa-3225-11e7-bfc8-74d435c7f214', '33e341aa-3225-11e7-bfc8-74d435c7f214', '2017-05-31 09:47:27', '2017-05-31 09:47:27'),
	('7f8d0d9d-249c-cdae-694b-528a8d56ecc2', '3', 'test 1234', NULL, '33e341aa-3225-11e7-bfc8-74d435c7f214', '33e341aa-3225-11e7-bfc8-74d435c7f214', '2017-05-31 09:47:43', '2017-05-31 09:47:43'),
	('45e3b164-3f01-938e-3bc5-189219b3ebc4', NULL, 'Test', NULL, '0cdbda97-3225-11e7-bfc8-74d435c7f214', '0cdbda97-3225-11e7-bfc8-74d435c7f214', '2017-05-31 10:06:01', '2017-05-31 10:06:01'),
	('7b853539-8d49-d997-3db2-a1e400ea71fb', NULL, 'Test', NULL, '0cdbda97-3225-11e7-bfc8-74d435c7f214', '0cdbda97-3225-11e7-bfc8-74d435c7f214', '2017-05-31 10:06:01', '2017-05-31 10:06:01'),
	('45fbb981-b63c-40c7-d916-faf39e6344ab', NULL, 'Test', NULL, '0cdbda97-3225-11e7-bfc8-74d435c7f214', '0cdbda97-3225-11e7-bfc8-74d435c7f214', '2017-05-31 10:06:01', '2017-05-31 10:06:01'),
	('5248e696-c107-d0aa-8ebb-7caeb549bc48', NULL, 'Test', NULL, '0cdbda97-3225-11e7-bfc8-74d435c7f214', '0cdbda97-3225-11e7-bfc8-74d435c7f214', '2017-05-31 10:06:01', '2017-05-31 10:06:01'),
	('13ac0375-0388-9294-28ea-cb406e1134c1', NULL, 'Test', NULL, '0cdbda97-3225-11e7-bfc8-74d435c7f214', '0cdbda97-3225-11e7-bfc8-74d435c7f214', '2017-05-31 10:06:01', '2017-05-31 10:06:01'),
	('37bf153d-ad6f-f422-4d65-24d029a3d07e', NULL, 'Test', NULL, '0cdbda97-3225-11e7-bfc8-74d435c7f214', '0cdbda97-3225-11e7-bfc8-74d435c7f214', '2017-05-31 10:06:01', '2017-05-31 10:06:01'),
	('07d4f1ca-e5b9-4ec5-4c58-78db4b6b2240', NULL, 'Test', NULL, '0cdbda97-3225-11e7-bfc8-74d435c7f214', '0cdbda97-3225-11e7-bfc8-74d435c7f214', '2017-05-31 10:06:01', '2017-05-31 10:06:01'),
	('0afd3aba-6e7a-1789-9da6-f33d27db0f23', NULL, 'Test', NULL, '0cdbda97-3225-11e7-bfc8-74d435c7f214', '0cdbda97-3225-11e7-bfc8-74d435c7f214', '2017-05-31 10:06:01', '2017-05-31 10:06:01'),
	('ed9ed7b8-2974-0b42-3280-81f40c77baa2', NULL, 'Test', NULL, '0cdbda97-3225-11e7-bfc8-74d435c7f214', '0cdbda97-3225-11e7-bfc8-74d435c7f214', '2017-05-31 10:06:01', '2017-05-31 10:06:01'),
	('28de6c07-f89a-db67-df1f-35dde64a40ee', NULL, 'Test', NULL, '0cdbda97-3225-11e7-bfc8-74d435c7f214', '0cdbda97-3225-11e7-bfc8-74d435c7f214', '2017-05-31 10:06:01', '2017-05-31 10:06:01'),
	('7ee1abc1-f723-bd7b-544b-ffcf1f2f5cd8', NULL, 'Test', NULL, '0cdbda97-3225-11e7-bfc8-74d435c7f214', '0cdbda97-3225-11e7-bfc8-74d435c7f214', '2017-05-31 10:06:01', '2017-05-31 10:06:01'),
	('9729f80e-3dc8-ccb9-c742-dc0602ed3e03', NULL, 'Test', NULL, '0cdbda97-3225-11e7-bfc8-74d435c7f214', '0cdbda97-3225-11e7-bfc8-74d435c7f214', '2017-05-31 10:06:01', '2017-05-31 10:06:01'),
	('431ea9ae-c66e-037b-f37b-b16e74e8bf3f', NULL, 'Test', NULL, '0cdbda97-3225-11e7-bfc8-74d435c7f214', '0cdbda97-3225-11e7-bfc8-74d435c7f214', '2017-05-31 10:06:01', '2017-05-31 10:06:01'),
	('de049efe-389e-e370-b0ec-4306f4ee1107', NULL, 'Test', NULL, '0cdbda97-3225-11e7-bfc8-74d435c7f214', '0cdbda97-3225-11e7-bfc8-74d435c7f214', '2017-05-31 10:06:01', '2017-05-31 10:06:01'),
	('d2d07c57-9824-20a2-4672-e2c2d79d9906', NULL, 'Test', NULL, '0cdbda97-3225-11e7-bfc8-74d435c7f214', '0cdbda97-3225-11e7-bfc8-74d435c7f214', '2017-05-31 10:06:01', '2017-05-31 10:06:01'),
	('2bde85a5-1670-9205-ae66-789a354c914d', NULL, 'Test', NULL, '0cdbda97-3225-11e7-bfc8-74d435c7f214', '0cdbda97-3225-11e7-bfc8-74d435c7f214', '2017-05-31 10:06:01', '2017-05-31 10:06:01'),
	('ec5d8d38-2b86-6414-43b7-fddfe07929d1', NULL, 'Test', NULL, '0cdbda97-3225-11e7-bfc8-74d435c7f214', '0cdbda97-3225-11e7-bfc8-74d435c7f214', '2017-05-31 10:06:01', '2017-05-31 10:06:01'),
	('021e54e4-df9a-7fa5-a1f6-65aa630acfeb', NULL, 'Test', NULL, '0cdbda97-3225-11e7-bfc8-74d435c7f214', '0cdbda97-3225-11e7-bfc8-74d435c7f214', '2017-05-31 10:06:01', '2017-05-31 10:06:01'),
	('c1e68697-0786-d015-7024-3e204204bb4f', NULL, 'Test', NULL, '0cdbda97-3225-11e7-bfc8-74d435c7f214', '0cdbda97-3225-11e7-bfc8-74d435c7f214', '2017-05-31 10:06:01', '2017-05-31 10:06:01'),
	('f76e4bd6-d3b5-d7c1-ec05-f3d3461311e5', NULL, 'Test', NULL, '0cdbda97-3225-11e7-bfc8-74d435c7f214', '0cdbda97-3225-11e7-bfc8-74d435c7f214', '2017-05-31 10:06:01', '2017-05-31 10:06:01'),
	('16ed81a4-a4a1-e7dd-f30a-e0897928ecec', NULL, 'Test', NULL, '0cdbda97-3225-11e7-bfc8-74d435c7f214', '0cdbda97-3225-11e7-bfc8-74d435c7f214', '2017-05-31 10:06:01', '2017-05-31 10:06:01'),
	('e8c32859-872e-08c6-9e6e-6b867aba778e', NULL, 'Test', NULL, '0cdbda97-3225-11e7-bfc8-74d435c7f214', '0cdbda97-3225-11e7-bfc8-74d435c7f214', '2017-05-31 10:06:01', '2017-05-31 10:06:01'),
	('9735b770-acd9-668d-107c-5485c602da7b', NULL, 'Test', NULL, '0cdbda97-3225-11e7-bfc8-74d435c7f214', '0cdbda97-3225-11e7-bfc8-74d435c7f214', '2017-05-31 10:06:01', '2017-05-31 10:06:01'),
	('ce0e6061-fa25-e8fb-fec8-4d36b3be50ad', NULL, 'Test', NULL, '0cdbda97-3225-11e7-bfc8-74d435c7f214', '0cdbda97-3225-11e7-bfc8-74d435c7f214', '2017-05-31 10:06:01', '2017-05-31 10:06:01'),
	('374c6bd9-826c-5c63-5ae0-44f405315a6c', NULL, 'Test', NULL, '0cdbda97-3225-11e7-bfc8-74d435c7f214', '0cdbda97-3225-11e7-bfc8-74d435c7f214', '2017-05-31 10:06:01', '2017-05-31 10:06:01'),
	('c980a6c3-38c7-9b84-3c89-f6971259c9f7', NULL, 'Test', NULL, '0cdbda97-3225-11e7-bfc8-74d435c7f214', '0cdbda97-3225-11e7-bfc8-74d435c7f214', '2017-05-31 10:06:10', '2017-05-31 10:06:10'),
	('afcccea8-9261-0588-8e47-1b72e47d6254', '2', 'johntest', NULL, '33e341aa-3225-11e7-bfc8-74d435c7f214', '33e341aa-3225-11e7-bfc8-74d435c7f214', '2017-05-31 11:08:18', '2017-05-31 11:08:18'),
	('e7a2186e-f26a-aaae-7052-bfbfe678822e', '2', '1234', NULL, '33e341aa-3225-11e7-bfc8-74d435c7f214', '33e341aa-3225-11e7-bfc8-74d435c7f214', '2017-05-31 11:08:30', '2017-05-31 11:08:30'),
	('b855e43f-52a1-4644-9e47-d7fd41d1e044', '5afdaac3-e232-4333-af68-fb2c43b9f8f3', 'reason of cancellation:問題已經解決', '-1', '33e341aa-3225-11e7-bfc8-74d435c7f214', '33e341aa-3225-11e7-bfc8-74d435c7f214', '2017-05-31 11:44:37', '2017-05-31 11:44:37'),
	('73c7a846-15dc-4c5c-9d87-990280d0212b', 'ef2ff45e-380f-476c-bbcc-6ea3b1ae60ce', 'reason of cancellation:test test', '-1', '33e341aa-3225-11e7-bfc8-74d435c7f214', '33e341aa-3225-11e7-bfc8-74d435c7f214', '2017-05-31 11:48:56', '2017-05-31 11:48:56'),
	('4de6d717-bd39-4c24-b24c-ef737c8b6e06', 'ef2ff45e-380f-476c-bbcc-6ea3b1ae60ce', 'reason of cancellation:test test', '-1', '33e341aa-3225-11e7-bfc8-74d435c7f214', '33e341aa-3225-11e7-bfc8-74d435c7f214', '2017-05-31 11:49:03', '2017-05-31 11:49:03'),
	('247e0556-cea9-4f7d-bf8a-6effd90a9c1b', 'ef2ff45e-380f-476c-bbcc-6ea3b1ae60ce', 'reason of cancellation:test test', '-1', '33e341aa-3225-11e7-bfc8-74d435c7f214', '33e341aa-3225-11e7-bfc8-74d435c7f214', '2017-05-31 11:53:54', '2017-05-31 11:53:54'),
	('001f73c1-5edf-763c-2780-3f4133835c83', NULL, 'test', NULL, '0cdbda97-3225-11e7-bfc8-74d435c7f214', '0cdbda97-3225-11e7-bfc8-74d435c7f214', '2017-05-31 01:37:34', '2017-05-31 01:37:34'),
	('6459c063-3995-a7a8-31cc-6b84864c82ef', '7992b5e8-bca1-4dd0-8e0a-3e34da2c54ff', 'test', NULL, '0cdbda97-3225-11e7-bfc8-74d435c7f214', '0cdbda97-3225-11e7-bfc8-74d435c7f214', '2017-05-31 01:37:47', '2017-05-31 01:37:47'),
	('87baade1-ef18-8ce6-d24d-183dd7d768d9', '7992b5e8-bca1-4dd0-8e0a-3e34da2c54ff', '送出的字跟畫面一致', NULL, '0cdbda97-3225-11e7-bfc8-74d435c7f214', '0cdbda97-3225-11e7-bfc8-74d435c7f214', '2017-05-31 01:38:13', '2017-05-31 01:38:13'),
	('0b458482-25ce-b206-2be7-6840faa706c1', '7992b5e8-bca1-4dd0-8e0a-3e34da2c54ff', 'test', NULL, '0cdbda97-3225-11e7-bfc8-74d435c7f214', '0cdbda97-3225-11e7-bfc8-74d435c7f214', '2017-05-31 01:38:24', '2017-05-31 01:38:24'),
	('7673d7ff-f7d3-4792-365d-6c88f43db0b1', '5afdaac3-e232-4333-af68-fb2c43b9f8f3', 'test', NULL, '0cdbda97-3225-11e7-bfc8-74d435c7f214', '0cdbda97-3225-11e7-bfc8-74d435c7f214', '2017-05-31 01:38:32', '2017-05-31 01:38:32'),
	('0843b322-e835-c7d0-dae3-155b6228a40b', '7992b5e8-bca1-4dd0-8e0a-3e34da2c54ff', '私訊不及時', NULL, '0cdbda97-3225-11e7-bfc8-74d435c7f214', '0cdbda97-3225-11e7-bfc8-74d435c7f214', '2017-05-31 02:04:03', '2017-05-31 02:04:03'),
	('ea427391-8559-8e93-ab98-33be474d1bc5', '5afdaac3-e232-4333-af68-fb2c43b9f8f3', '測試訊息傳送', NULL, '0cdbda97-3225-11e7-bfc8-74d435c7f214', '0cdbda97-3225-11e7-bfc8-74d435c7f214', '2017-06-01 12:23:33', '2017-06-01 12:23:33'),
	('140099bf-bff5-8393-5b65-4196537e552f', '5afdaac3-e232-4333-af68-fb2c43b9f8f3', '測試訊息傳送2', NULL, '0cdbda97-3225-11e7-bfc8-74d435c7f214', '0cdbda97-3225-11e7-bfc8-74d435c7f214', '2017-06-01 12:26:05', '2017-06-01 12:26:05'),
	('68cfeb32-11cd-cf97-3f6c-a70ed8047c1f', '7992b5e8-bca1-4dd0-8e0a-3e34da2c54ff', '送出', NULL, '0cd8a0b0-3225-11e7-bfc8-74d435c7f214', '0cd8a0b0-3225-11e7-bfc8-74d435c7f214', '2017-06-01 12:27:22', '2017-06-01 12:27:22'),
	('9d65d961-8149-33fa-e468-b81458d2149a', '7992b5e8-bca1-4dd0-8e0a-3e34da2c54ff', '送出的字', NULL, '0cd8a0b0-3225-11e7-bfc8-74d435c7f214', '0cd8a0b0-3225-11e7-bfc8-74d435c7f214', '2017-06-01 12:42:54', '2017-06-01 12:42:54'),
	('a19faebd-4202-2841-2482-3c0924e9b232', '7992b5e8-bca1-4dd0-8e0a-3e34da2c54ff', '送出的字', NULL, '0cd8a0b0-3225-11e7-bfc8-74d435c7f214', '0cd8a0b0-3225-11e7-bfc8-74d435c7f214', '2017-06-01 12:44:16', '2017-06-01 12:44:16'),
	('4e73ee66-303c-7ac2-e96e-929db5e10bfd', '7992b5e8-bca1-4dd0-8e0a-3e34da2c54ff', '送出的字2', NULL, '0cd8a0b0-3225-11e7-bfc8-74d435c7f214', '0cd8a0b0-3225-11e7-bfc8-74d435c7f214', '2017-06-01 12:44:20', '2017-06-01 12:44:20'),
	('74c844f9-23c2-02ae-af4d-eeb22e7b7f40', '7992b5e8-bca1-4dd0-8e0a-3e34da2c54ff', 'g', '134', '0cd8a0b0-3225-11e7-bfc8-74d435c7f214', '0cd8a0b0-3225-11e7-bfc8-74d435c7f214', '2017-06-01 12:46:07', '2017-06-01 12:46:07'),
	('4fde58fa-543d-7964-274f-ddefab8656e5', 'ef2ff45e-380f-476c-bbcc-6ea3b1ae60ce', 'john test ', NULL, '33e341aa-3225-11e7-bfc8-74d435c7f214', '33e341aa-3225-11e7-bfc8-74d435c7f214', '2017-06-01 02:06:23', '2017-06-01 02:06:23'),
	('71ff91ca-30e2-bbae-b708-8215a0a3f2bd', '2', '1234567890', '135', '33e341aa-3225-11e7-bfc8-74d435c7f214', '33e341aa-3225-11e7-bfc8-74d435c7f214', '2017-06-01 02:08:53', '2017-06-01 02:08:53'),
	('fe8e8810-eee8-a33f-5230-61b4a4705914', '2', 'test test', '136', '33e341aa-3225-11e7-bfc8-74d435c7f214', '33e341aa-3225-11e7-bfc8-74d435c7f214', '2017-06-01 02:09:19', '2017-06-01 02:09:19'),
	('c0a60997-2a2c-1f83-696b-0e1b9969ed97', NULL, '123', NULL, '0cd8881c-3225-11e7-bfc8-74d435c7f214', '0cd8881c-3225-11e7-bfc8-74d435c7f214', '2017-06-01 11:56:16', '2017-06-01 11:56:16'),
	('598dfe38-5e0e-c7e7-53a0-fbb48503f5a8', 'ef2ff45e-380f-476c-bbcc-6ea3b1ae60ce', 'Abcdefghijklmnopqrstuvwxyz', NULL, '33e341aa-3225-11e7-bfc8-74d435c7f214', '33e341aa-3225-11e7-bfc8-74d435c7f214', '2017-06-01 12:00:33', '2017-06-01 12:00:33'),
	('6dfd3e5b-49b3-515e-61f2-ca00f728cb6a', 'ef2ff45e-380f-476c-bbcc-6ea3b1ae60ce', 'Qqqq', NULL, '33e341aa-3225-11e7-bfc8-74d435c7f214', '33e341aa-3225-11e7-bfc8-74d435c7f214', '2017-06-01 12:01:07', '2017-06-01 12:01:07'),
	('f2b0c9a4-d80c-96ed-3bfa-bce894a7b85a', NULL, 'Test', NULL, '0cd8881c-3225-11e7-bfc8-74d435c7f214', '0cd8881c-3225-11e7-bfc8-74d435c7f214', '2017-06-01 12:34:55', '2017-06-01 12:34:55'),
	('4a2d92d4-861a-fc5b-235d-7dc6265a2442', 'ef2ff45e-380f-476c-bbcc-6ea3b1ae60ce', '傳送資料給River', NULL, '33e341aa-3225-11e7-bfc8-74d435c7f214', '33e341aa-3225-11e7-bfc8-74d435c7f214', '2017-06-01 02:29:52', '2017-06-01 02:29:52'),
	('ba1fd2aa-24ed-cfdb-4c5d-7eaa6af498db', 'ef2ff45e-380f-476c-bbcc-6ea3b1ae60ce', 'fgfff', NULL, '33e341aa-3225-11e7-bfc8-74d435c7f214', '33e341aa-3225-11e7-bfc8-74d435c7f214', '2017-06-02 02:28:10', '2017-06-02 02:28:10'),
	('a24f1d2a-98cc-4efd-5107-a48cff59728a', 'ef2ff45e-380f-476c-bbcc-6ea3b1ae60ce', 'john test', NULL, '33e341aa-3225-11e7-bfc8-74d435c7f214', '33e341aa-3225-11e7-bfc8-74d435c7f214', '2017-06-02 02:28:43', '2017-06-02 02:28:43'),
	('97d791b9-369d-d65f-e865-695b64fc04db', NULL, 'ㄊeqweqw', NULL, '33e341aa-3225-11e7-bfc8-74d435c7f214', '33e341aa-3225-11e7-bfc8-74d435c7f214', '2017-06-02 02:43:21', '2017-06-02 02:43:21'),
	('433ba855-710c-6609-c08d-375a2af7a27c', '7547edf0-4a27-4e8e-8f7d-b70dfd536d8d', 'Test', NULL, '35b3260a-4676-11e7-8e89-0a715d5224b9', '35b3260a-4676-11e7-8e89-0a715d5224b9', '2017-06-02 03:53:55', '2017-06-02 03:53:55'),
	('3d5a81bd-ef2f-d874-120c-b474db74485c', '7547edf0-4a27-4e8e-8f7d-b70dfd536d8d', 'Test2', NULL, '35b3260a-4676-11e7-8e89-0a715d5224b9', '35b3260a-4676-11e7-8e89-0a715d5224b9', '2017-06-02 03:54:06', '2017-06-02 03:54:06'),
	('84677eac-8c6d-2ba3-9d89-1863bac2422d', '7547edf0-4a27-4e8e-8f7d-b70dfd536d8d', '哈囉', NULL, '33e341aa-3225-11e7-bfc8-74d435c7f214', '33e341aa-3225-11e7-bfc8-74d435c7f214', '2017-06-02 03:54:49', '2017-06-02 03:54:49'),
	('e161edc0-a53b-4f96-a43d-6315bd018630', '7547edf0-4a27-4e8e-8f7d-b70dfd536d8d', 'Test3 ', NULL, '35b3260a-4676-11e7-8e89-0a715d5224b9', '35b3260a-4676-11e7-8e89-0a715d5224b9', '2017-06-02 03:55:03', '2017-06-02 03:55:03'),
	('aa6b213d-a0ca-fee8-4f10-5a4b6e669e9a', '7547edf0-4a27-4e8e-8f7d-b70dfd536d8d', 'Test4', NULL, '35b3260a-4676-11e7-8e89-0a715d5224b9', '35b3260a-4676-11e7-8e89-0a715d5224b9', '2017-06-02 03:55:28', '2017-06-02 03:55:28'),
	('dd7d4271-e0f8-34d1-0990-3338cf348a8a', '7547edf0-4a27-4e8e-8f7d-b70dfd536d8d', '是嗎', NULL, '33e341aa-3225-11e7-bfc8-74d435c7f214', '33e341aa-3225-11e7-bfc8-74d435c7f214', '2017-06-02 03:55:31', '2017-06-02 03:55:31'),
	('bd7e817e-3aaa-2b4b-56a1-81ca4ec7cae6', 'ef2ff45e-380f-476c-bbcc-6ea3b1ae60ce', 'teststest', NULL, '33e341aa-3225-11e7-bfc8-74d435c7f214', '33e341aa-3225-11e7-bfc8-74d435c7f214', '2017-06-02 04:04:56', '2017-06-02 04:04:56'),
	('ec47eabd-085c-4fb5-0539-bc25267faa5b', NULL, 'rewerwrew ', NULL, '33e341aa-3225-11e7-bfc8-74d435c7f214', '33e341aa-3225-11e7-bfc8-74d435c7f214', '2017-06-02 04:05:22', '2017-06-02 04:05:22'),
	('7234ebb6-e26e-0b1f-f15d-707f3bd19cde', 'ef2ff45e-380f-476c-bbcc-6ea3b1ae60ce', 'ewqewq', NULL, '33e341aa-3225-11e7-bfc8-74d435c7f214', '33e341aa-3225-11e7-bfc8-74d435c7f214', '2017-06-02 04:05:27', '2017-06-02 04:05:27'),
	('fc265ce8-0377-8305-fa1d-1702d90ca26d', NULL, 'qewwqwwqewqew\nrewrw', NULL, '33e341aa-3225-11e7-bfc8-74d435c7f214', '33e341aa-3225-11e7-bfc8-74d435c7f214', '2017-06-02 04:06:49', '2017-06-02 04:06:49'),
	('e0b0d22c-31a2-7a15-0ca8-85b254710590', 'ef2ff45e-380f-476c-bbcc-6ea3b1ae60ce', 'rewrw\nterrewrw', NULL, '33e341aa-3225-11e7-bfc8-74d435c7f214', '33e341aa-3225-11e7-bfc8-74d435c7f214', '2017-06-02 04:06:54', '2017-06-02 04:06:54'),
	('297d879c-d877-3c8c-3d1d-b51df4a6e804', 'ef2ff45e-380f-476c-bbcc-6ea3b1ae60ce', '123\n', NULL, '0cd8881c-3225-11e7-bfc8-74d435c7f214', '0cd8881c-3225-11e7-bfc8-74d435c7f214', '2017-06-02 11:57:53', '2017-06-02 11:57:53'),
	('10601044-8d6e-918e-2490-e14ecdd9a15e', 'ef2ff45e-380f-476c-bbcc-6ea3b1ae60ce', 'test', '158', '0cd8881c-3225-11e7-bfc8-74d435c7f214', '0cd8881c-3225-11e7-bfc8-74d435c7f214', '2017-06-03 12:39:58', '2017-06-03 12:39:58'),
	('c7a51e21-abaa-d1d7-ab59-d952f717123f', 'ef2ff45e-380f-476c-bbcc-6ea3b1ae60ce', 'test2\n123', NULL, '0cd8881c-3225-11e7-bfc8-74d435c7f214', '0cd8881c-3225-11e7-bfc8-74d435c7f214', '2017-06-03 01:01:29', '2017-06-03 01:01:29'),
	('cd7d1722-b8ba-2cc7-979e-bf83ef50d5cb', '7547edf0-4a27-4e8e-8f7d-b70dfd536d8d', 'Hello', NULL, '33e341aa-3225-11e7-bfc8-74d435c7f214', '33e341aa-3225-11e7-bfc8-74d435c7f214', '2017-06-03 10:47:36', '2017-06-03 10:47:36'),
	('e668a2ae-e1e0-233f-d1a5-8e32b51cc3e2', 'ef2ff45e-380f-476c-bbcc-6ea3b1ae60ce', 'eqw3eqwe', '160', '33e341aa-3225-11e7-bfc8-74d435c7f214', '33e341aa-3225-11e7-bfc8-74d435c7f214', '2017-06-03 12:24:44', '2017-06-03 12:24:44'),
	('1137e933-b447-67b4-be69-0b925120bfc1', 'ef2ff45e-380f-476c-bbcc-6ea3b1ae60ce', '123', NULL, '0cd8881c-3225-11e7-bfc8-74d435c7f214', '0cd8881c-3225-11e7-bfc8-74d435c7f214', '2017-06-03 12:38:28', '2017-06-03 12:38:28'),
	('debe22c6-90d8-c4c9-28cb-46595dd14b24', 'ef2ff45e-380f-476c-bbcc-6ea3b1ae60ce', '234567890-', NULL, '33e341aa-3225-11e7-bfc8-74d435c7f214', '33e341aa-3225-11e7-bfc8-74d435c7f214', '2017-06-03 12:38:50', '2017-06-03 12:38:50'),
	('84bed20f-7340-d712-f3fb-b4ef425e779e', 'ef2ff45e-380f-476c-bbcc-6ea3b1ae60ce', 'rwerew erwrewerw', NULL, '33e341aa-3225-11e7-bfc8-74d435c7f214', '33e341aa-3225-11e7-bfc8-74d435c7f214', '2017-06-03 12:40:08', '2017-06-03 12:40:08'),
	('8c26bb12-8d12-de9c-0a9e-ce8fd6ee03cb', 'ef2ff45e-380f-476c-bbcc-6ea3b1ae60ce', 'ttyutuyuy', NULL, '33e341aa-3225-11e7-bfc8-74d435c7f214', '33e341aa-3225-11e7-bfc8-74d435c7f214', '2017-06-03 12:40:17', '2017-06-03 12:40:17'),
	('6f21d1fa-c7cf-9f27-a0f7-0d7606c5a8a5', 'ef2ff45e-380f-476c-bbcc-6ea3b1ae60ce', 'yyyy', '161', '33e341aa-3225-11e7-bfc8-74d435c7f214', '33e341aa-3225-11e7-bfc8-74d435c7f214', '2017-06-03 12:40:24', '2017-06-03 12:40:24'),
	('739021fe-619e-9858-bc91-d782d19ff6ac', 'ef2ff45e-380f-476c-bbcc-6ea3b1ae60ce', '１２３\n', NULL, '0cd8881c-3225-11e7-bfc8-74d435c7f214', '0cd8881c-3225-11e7-bfc8-74d435c7f214', '2017-06-03 12:40:53', '2017-06-03 12:40:53'),
	('8a6cdee7-93e9-5cc6-2421-864fb66941a2', 'ef2ff45e-380f-476c-bbcc-6ea3b1ae60ce', '我沒記錯的話 上面那個有檔案的訊息是我 昨天晚上發的\n', NULL, '0cd8881c-3225-11e7-bfc8-74d435c7f214', '0cd8881c-3225-11e7-bfc8-74d435c7f214', '2017-06-03 12:43:06', '2017-06-03 12:43:06'),
	('1a06943f-324c-2870-7077-21fde3d850cc', 'ef2ff45e-380f-476c-bbcc-6ea3b1ae60ce', '啥', NULL, '33e341aa-3225-11e7-bfc8-74d435c7f214', '33e341aa-3225-11e7-bfc8-74d435c7f214', '2017-06-03 12:45:00', '2017-06-03 12:45:00'),
	('1c7aa6ea-1ddb-6562-3cc6-5ada12f30bd0', 'ef2ff45e-380f-476c-bbcc-6ea3b1ae60ce', '6/4 test ', NULL, '0cd8881c-3225-11e7-bfc8-74d435c7f214', '0cd8881c-3225-11e7-bfc8-74d435c7f214', '2017-06-04 08:28:21', '2017-06-04 08:28:21'),
	('35c4c590-8bcc-fc01-d125-fca0756e1f22', NULL, 'Test\n', NULL, '0cdbda97-3225-11e7-bfc8-74d435c7f214', '0cdbda97-3225-11e7-bfc8-74d435c7f214', '2017-06-06 04:21:48', '2017-06-06 04:21:48'),
	('4b7a27c8-9427-5b2d-ccac-533a8c5f2034', '7992b5e8-bca1-4dd0-8e0a-3e34da2c54ff', 'Test', NULL, '0cdbda97-3225-11e7-bfc8-74d435c7f214', '0cdbda97-3225-11e7-bfc8-74d435c7f214', '2017-06-06 04:21:58', '2017-06-06 04:21:58'),
	('932b4d93-7223-059b-8a1e-40f48e5cd16f', 'c5eac6ec-8d11-4e4f-a432-756e3c952191', '測試 ', NULL, '0cdc98f8-3225-11e7-bfc8-74d435c7f214', '0cdc98f8-3225-11e7-bfc8-74d435c7f214', '2017-06-06 09:26:28', '2017-06-06 09:26:28'),
	('39e42a1f-45ab-4551-34e5-59b79fef460c', 'c5eac6ec-8d11-4e4f-a432-756e3c952191', '', '174', '0cdc98f8-3225-11e7-bfc8-74d435c7f214', '0cdc98f8-3225-11e7-bfc8-74d435c7f214', '2017-06-06 09:27:44', '2017-06-06 09:27:44'),
	('f5ceb325-361e-4107-0a85-984e931de4b3', 'c5eac6ec-8d11-4e4f-a432-756e3c952191', '', '175', '0cdc98f8-3225-11e7-bfc8-74d435c7f214', '0cdc98f8-3225-11e7-bfc8-74d435c7f214', '2017-06-06 09:28:26', '2017-06-06 09:28:26'),
	('0b87c665-d1e3-52bc-7def-5ab898627297', 'c5eac6ec-8d11-4e4f-a432-756e3c952191', '', '174', '0cdc98f8-3225-11e7-bfc8-74d435c7f214', '0cdc98f8-3225-11e7-bfc8-74d435c7f214', '2017-06-06 09:28:51', '2017-06-06 09:28:51'),
	('51c61921-c34d-b409-a892-0f8488557828', 'c5eac6ec-8d11-4e4f-a432-756e3c952191', '', '174', '0cdc98f8-3225-11e7-bfc8-74d435c7f214', '0cdc98f8-3225-11e7-bfc8-74d435c7f214', '2017-06-06 09:29:04', '2017-06-06 09:29:04'),
	('43a3112d-0fea-758c-a593-a590eea973d2', 'c5eac6ec-8d11-4e4f-a432-756e3c952191', '', '175', '0cdc98f8-3225-11e7-bfc8-74d435c7f214', '0cdc98f8-3225-11e7-bfc8-74d435c7f214', '2017-06-06 09:29:08', '2017-06-06 09:29:08'),
	('b2e02b10-1ccd-acff-6295-7a03157cbbd9', NULL, '你会发现什么', NULL, '0cdd4ae4-3225-11e7-bfc8-74d435c7f214', '0cdd4ae4-3225-11e7-bfc8-74d435c7f214', '2017-06-07 12:02:24', '2017-06-07 12:02:24'),
	('8f116d5b-945f-0bd0-23d4-e5b65109fdef', '7992b5e8-bca1-4dd0-8e0a-3e34da2c54ff', 'Hi', NULL, '0cdbda97-3225-11e7-bfc8-74d435c7f214', '0cdbda97-3225-11e7-bfc8-74d435c7f214', '2017-06-07 10:31:29', '2017-06-07 10:31:29'),
	('52c892cf-ffea-ff3a-5884-2182919023fd', '5afdaac3-e232-4333-af68-fb2c43b9f8f3', 'Test by james', NULL, '0cdbda97-3225-11e7-bfc8-74d435c7f214', '0cdbda97-3225-11e7-bfc8-74d435c7f214', '2017-06-07 10:33:31', '2017-06-07 10:33:31'),
	('f748e749-7ea0-376f-e1b2-0e37305622e4', '7547edf0-4a27-4e8e-8f7d-b70dfd536d8d', 'Test', NULL, '35b3260a-4676-11e7-8e89-0a715d5224b9', '35b3260a-4676-11e7-8e89-0a715d5224b9', '2017-06-07 10:39:36', '2017-06-07 10:39:36');
/*!40000 ALTER TABLE `plf_messages` ENABLE KEYS */;

-- 導出  表 showhi.plf_message_groups 結構
DROP TABLE IF EXISTS `plf_message_groups`;
CREATE TABLE IF NOT EXISTS `plf_message_groups` (
  `id` varchar(50) NOT NULL COMMENT '編號',
  `name` varchar(255) DEFAULT NULL COMMENT '群組名稱',
  `description` varchar(255) DEFAULT NULL COMMENT '群組詳細資訊',
  `created_by` varchar(255) NOT NULL COMMENT '建立者',
  `updated_by` varchar(255) NOT NULL COMMENT '更新者',
  `created_at` timestamp NULL DEFAULT NULL COMMENT '建立時間',
  `updated_at` timestamp NULL DEFAULT NULL COMMENT '更新時間',
  PRIMARY KEY (`id`)
) ENGINE=MyISAM DEFAULT CHARSET=utf8 COMMENT='訊息群組';

-- 正在導出表  showhi.plf_message_groups 的資料：9 rows
/*!40000 ALTER TABLE `plf_message_groups` DISABLE KEYS */;
REPLACE INTO `plf_message_groups` (`id`, `name`, `description`, `created_by`, `updated_by`, `created_at`, `updated_at`) VALUES
	('1', 'John , University of Wiscon', NULL, '14', '14', '2017-05-01 18:12:43', '2017-05-01 18:12:43'),
	('2', 'John , Harry', NULL, '1', '1', '2017-05-08 17:11:24', '2017-05-08 17:11:24'),
	('3', 'John , River', NULL, '1', '1', '2017-05-11 07:25:36', '2017-05-11 07:25:36'),
	('4', 'John , George Mason Univers', NULL, '1', '1', '2017-05-11 07:26:06', '2017-05-11 07:26:06'),
	('7992b5e8-bca1-4dd0-8e0a-3e34da2c54ff', 'Harry , James.yeh', NULL, '0cd8a0b0-3225-11e7-bfc8-74d435c7f214', '0cd8a0b0-3225-11e7-bfc8-74d435c7f214', '2017-05-30 00:19:14', '2017-05-30 00:19:14'),
	('5afdaac3-e232-4333-af68-fb2c43b9f8f3', 'John , James.yeh', NULL, '33e341aa-3225-11e7-bfc8-74d435c7f214', '33e341aa-3225-11e7-bfc8-74d435c7f214', '2017-05-31 11:44:17', '2017-05-31 11:44:17'),
	('ef2ff45e-380f-476c-bbcc-6ea3b1ae60ce', 'John , River', NULL, '33e341aa-3225-11e7-bfc8-74d435c7f214', '33e341aa-3225-11e7-bfc8-74d435c7f214', '2017-05-31 11:46:26', '2017-05-31 11:46:26'),
	('7547edf0-4a27-4e8e-8f7d-b70dfd536d8d', 'John , James.yeh1', NULL, '35b3260a-4676-11e7-8e89-0a715d5224b9', '35b3260a-4676-11e7-8e89-0a715d5224b9', '2017-06-02 15:53:39', '2017-06-02 15:53:39'),
	('c5eac6ec-8d11-4e4f-a432-756e3c952191', 'cu_001 , cu_009', NULL, '0cdc98f8-3225-11e7-bfc8-74d435c7f214', '0cdc98f8-3225-11e7-bfc8-74d435c7f214', '2017-06-06 21:26:15', '2017-06-06 21:26:15');
/*!40000 ALTER TABLE `plf_message_groups` ENABLE KEYS */;

-- 導出  表 showhi.plf_message_members 結構
DROP TABLE IF EXISTS `plf_message_members`;
CREATE TABLE IF NOT EXISTS `plf_message_members` (
  `id` varchar(50) NOT NULL COMMENT '編號',
  `user_id` varchar(50) NOT NULL COMMENT '會員編號',
  `groups_id` varchar(50) NOT NULL COMMENT '群組編號',
  `created_by` varchar(255) NOT NULL COMMENT '建立者',
  `updated_by` varchar(255) NOT NULL COMMENT '更新者',
  `created_at` timestamp NULL DEFAULT NULL COMMENT '建立時間',
  `updated_at` timestamp NULL DEFAULT NULL COMMENT '更新時間',
  PRIMARY KEY (`id`)
) ENGINE=MyISAM DEFAULT CHARSET=utf8 COMMENT='訊息群組成員';

-- 正在導出表  showhi.plf_message_members 的資料：18 rows
/*!40000 ALTER TABLE `plf_message_members` DISABLE KEYS */;
REPLACE INTO `plf_message_members` (`id`, `user_id`, `groups_id`, `created_by`, `updated_by`, `created_at`, `updated_at`) VALUES
	('1', '33e341aa-3225-11e7-bfc8-74d435c7f214', '1', '0cd8a0b0-3225-11e7-bfc8-74d435c7f214', '0cd8a0b0-3225-11e7-bfc8-74d435c7f214', '2017-05-01 18:12:43', '2017-05-01 18:12:43'),
	('2', '0cd8a0b0-3225-11e7-bfc8-74d435c7f214', '1', '0cd8a0b0-3225-11e7-bfc8-74d435c7f214', '0cd8a0b0-3225-11e7-bfc8-74d435c7f214', '2017-05-01 18:12:43', '2017-05-01 18:12:43'),
	('3', '11', '2', '33e341aa-3225-11e7-bfc8-74d435c7f214', '33e341aa-3225-11e7-bfc8-74d435c7f214', '2017-05-08 17:11:24', '2017-05-08 17:11:24'),
	('4', '33e341aa-3225-11e7-bfc8-74d435c7f214', '2', '33e341aa-3225-11e7-bfc8-74d435c7f214', '33e341aa-3225-11e7-bfc8-74d435c7f214', '2017-05-08 17:11:24', '2017-05-08 17:11:24'),
	('5', '5', '3', '33e341aa-3225-11e7-bfc8-74d435c7f214', '33e341aa-3225-11e7-bfc8-74d435c7f214', '2017-05-11 07:25:36', '2017-05-11 07:25:36'),
	('6', '33e341aa-3225-11e7-bfc8-74d435c7f214', '3', '33e341aa-3225-11e7-bfc8-74d435c7f214', '33e341aa-3225-11e7-bfc8-74d435c7f214', '2017-05-11 07:25:36', '2017-05-11 07:25:36'),
	('7', '15', '4', '33e341aa-3225-11e7-bfc8-74d435c7f214', '33e341aa-3225-11e7-bfc8-74d435c7f214', '2017-05-11 07:26:06', '2017-05-11 07:26:06'),
	('8', '33e341aa-3225-11e7-bfc8-74d435c7f214', '4', '33e341aa-3225-11e7-bfc8-74d435c7f214', '33e341aa-3225-11e7-bfc8-74d435c7f214', '2017-05-11 07:26:06', '2017-05-11 07:26:06'),
	('436cc097-24ee-4dc3-8a00-101f212a0f56', '0cdbda97-3225-11e7-bfc8-74d435c7f214', '7992b5e8-bca1-4dd0-8e0a-3e34da2c54ff', '0cd8a0b0-3225-11e7-bfc8-74d435c7f214', '0cd8a0b0-3225-11e7-bfc8-74d435c7f214', '2017-05-30 00:19:14', '2017-05-30 00:19:14'),
	('8c3c22ae-6e4f-4bda-85d6-1d7568c3cfc2', '0cd8a0b0-3225-11e7-bfc8-74d435c7f214', '7992b5e8-bca1-4dd0-8e0a-3e34da2c54ff', '0cd8a0b0-3225-11e7-bfc8-74d435c7f214', '0cd8a0b0-3225-11e7-bfc8-74d435c7f214', '2017-05-30 00:19:14', '2017-05-30 00:19:14'),
	('f2d82204-90cd-4c78-96fc-3280ee258617', '0cdbda97-3225-11e7-bfc8-74d435c7f214', '5afdaac3-e232-4333-af68-fb2c43b9f8f3', '33e341aa-3225-11e7-bfc8-74d435c7f214', '33e341aa-3225-11e7-bfc8-74d435c7f214', '2017-05-31 11:44:17', '2017-05-31 11:44:17'),
	('7c4d0d54-0927-47df-8bdd-4d5535e63c31', '33e341aa-3225-11e7-bfc8-74d435c7f214', '5afdaac3-e232-4333-af68-fb2c43b9f8f3', '33e341aa-3225-11e7-bfc8-74d435c7f214', '33e341aa-3225-11e7-bfc8-74d435c7f214', '2017-05-31 11:44:17', '2017-05-31 11:44:17'),
	('1a59c9b4-486d-47b2-90ad-22ee3ccc6f04', '0cd8881c-3225-11e7-bfc8-74d435c7f214', 'ef2ff45e-380f-476c-bbcc-6ea3b1ae60ce', '33e341aa-3225-11e7-bfc8-74d435c7f214', '33e341aa-3225-11e7-bfc8-74d435c7f214', '2017-05-31 11:46:26', '2017-05-31 11:46:26'),
	('1a2f2e71-c59c-46a6-80b2-2f8f22383912', '33e341aa-3225-11e7-bfc8-74d435c7f214', 'ef2ff45e-380f-476c-bbcc-6ea3b1ae60ce', '33e341aa-3225-11e7-bfc8-74d435c7f214', '33e341aa-3225-11e7-bfc8-74d435c7f214', '2017-05-31 11:46:26', '2017-05-31 11:46:26'),
	('c3d22cb8-2a85-4924-bc76-80df4bb09807', '33e341aa-3225-11e7-bfc8-74d435c7f214', '7547edf0-4a27-4e8e-8f7d-b70dfd536d8d', '35b3260a-4676-11e7-8e89-0a715d5224b9', '35b3260a-4676-11e7-8e89-0a715d5224b9', '2017-06-02 15:53:39', '2017-06-02 15:53:39'),
	('fcec9aa9-41c9-4c54-9657-af8e0d70a151', '35b3260a-4676-11e7-8e89-0a715d5224b9', '7547edf0-4a27-4e8e-8f7d-b70dfd536d8d', '35b3260a-4676-11e7-8e89-0a715d5224b9', '35b3260a-4676-11e7-8e89-0a715d5224b9', '2017-06-02 15:53:39', '2017-06-02 15:53:39'),
	('ff004aac-b876-4bee-887e-36fd2b040e41', '0cdd4ae4-3225-11e7-bfc8-74d435c7f214', 'c5eac6ec-8d11-4e4f-a432-756e3c952191', '0cdc98f8-3225-11e7-bfc8-74d435c7f214', '0cdc98f8-3225-11e7-bfc8-74d435c7f214', '2017-06-06 21:26:15', '2017-06-06 21:26:15'),
	('610301f5-78a0-41a4-b361-06426008a36e', '0cdc98f8-3225-11e7-bfc8-74d435c7f214', 'c5eac6ec-8d11-4e4f-a432-756e3c952191', '0cdc98f8-3225-11e7-bfc8-74d435c7f214', '0cdc98f8-3225-11e7-bfc8-74d435c7f214', '2017-06-06 21:26:15', '2017-06-06 21:26:15');
/*!40000 ALTER TABLE `plf_message_members` ENABLE KEYS */;

/*!40101 SET SQL_MODE=IFNULL(@OLD_SQL_MODE, '') */;
/*!40014 SET FOREIGN_KEY_CHECKS=IF(@OLD_FOREIGN_KEY_CHECKS IS NULL, 1, @OLD_FOREIGN_KEY_CHECKS) */;
/*!40101 SET CHARACTER_SET_CLIENT=@OLD_CHARACTER_SET_CLIENT */;
